<chapter id="json">
    <title>JSON Support via Jackson</title>
    <para>Besides the Jettision JAXB adapter for JSON, RESTEasy also supports integration with the Jackson project.
        Many users find the output from Jackson much nicer than the Badger format or Mapped format provided by Jettison.
        For more on Jackson 2, see <ulink url="http://wiki.fasterxml.com/JacksonHome">http://wiki.fasterxml.com/JacksonHome</ulink>.
        Besides JAXB like APIs, it has a JavaBean based model, described at
        <ulink url="http://wiki.fasterxml.com/JacksonDataBinding">http://wiki.fasterxml.com/JacksonDataBinding</ulink>,
        which allows you to easily marshal Java objects to and from JSON.
        RESTEasy integrates with the JavaBean model.
        While Jackson does come with its own JAX-RS integration, RESTEasy expanded it a little, as decribed below.
    </para>
    <para>
    <emphasis role="bold">NOTE.</emphasis> The resteasy-jackson-provider module, which is based on the outdated Jackson 1.9.x, is
    currently deprecated, and will be removed in a release subsequent to 3.1.0.Final. The resteasy-jackson2-provider
    module is based on Jackson 2. 
    </para>
    
    <sect1>
        <title>Using Jackson 1.9.x Outside of WildFly</title>
        <para>If you're deploying RESTEasy outside of WildFly,
        add the RESTEasy Jackson provder to your WAR pom.xml build:</para>
        <programlisting><![CDATA[
<dependency>
   <groupId>org.jboss.resteasy</groupId>
   <artifactId>resteasy-jackson-provider</artifactId>
   <version>${version.resteasy}</version>
</dependency>
]]></programlisting>
    </sect1>
    <sect1>
        <title>Using Jackson 1.9.x Inside WildFly 8</title>
        <para>If you're deploying RESTEasy with WildFly 8,
        there's nothing you need to do except to make sure
        you've updated your installation with the latest and greatest RESTEasy.  See the
        <link linkend='Installation_Configuration'>Installation/Configuration</link> section
        of this documentation for more details.</para>
    </sect1>
    <sect1>
        <title>Using Jackson 2 Outside of WildFly</title>
        <para>If you're deploying RESTEasy outside of WildFly,
        add the RESTEasy Jackson provder to your WAR pom.xml build:</para>
        <programlisting><![CDATA[
<dependency>
   <groupId>org.jboss.resteasy</groupId>
   <artifactId>resteasy-jackson2-provider</artifactId>
   <version>${version.resteasy}</version>
</dependency>
]]></programlisting>
    </sect1>
    <sect1>
        <title>Using Jackson 2 Inside WildFly 9 and above</title>
        <para>If you're deploying RESTEasy with WildFly 9 or above,
        there's nothing you need to do except to make sure
        you've updated your installation with the latest and greatest RESTEasy.  See the
        <link linkend='Installation_Configuration'>Installation/Configuration</link> section
        of this documentation for more details.</para>
    </sect1>
    <sect1>
        <title>Additional RESTEasy Specifics</title>

    <para>The first extra piece that RESTEasy added to the integration was
        to support "application/*+json". Jackson would only accept "application/json" and "text/json" as valid
        media types. This allows you to create json-based media types and still
        let Jackson marshal things for you. For example:
    </para>
    <programlisting><![CDATA[
@Path("/customers")
public class MyService {

    @GET
    @Produces("application/vnd.customer+json")
    public Customer[] getCustomers() {}
}
]]></programlisting>
    <para>Another problem that occurs is when you are using the RESTEasy JAXB providers alongside Jackson.
        You may want to use Jettison and JAXB to output your JSON instead of Jackson. In this case, you must
        either not install the Jackson provider, or use the annotation
        @org.jboss.resteasy.annotations.providers.NoJackson
        on your JAXB annotated classes. For example:
    </para>
    <programlisting><![CDATA[
@XmlRootElement
@NoJackson
public class Customer {...}

@Path("/customers")
public class MyService {

    @GET
    @Produces("application/vnd.customer+json")
    public Customer[] getCustomers() {}
}
]]></programlisting>
    <para>
        If you can't annotate the JAXB class with @NoJackson, then you can
        use the annotation on a method parameter. For example:
    </para>
    <programlisting><![CDATA[
@XmlRootElement
public class Customer {...}

@Path("/customers")
public class MyService {

    @GET
    @Produces("application/vnd.customer+json")
    @NoJackson
    public Customer[] getCustomers() {}

    @POST
    @Consumes("application/vnd.customer+json")
    public void createCustomer(@NoJackson Customer[] customers) {...}
}
]]></programlisting>
    </sect1>
    <sect1 id="Possible_Jackson_Problems">
        <title>Possible Conflict With JAXB Provider</title>
        <para>
            If your Jackson classes are annotated with JAXB annotations and you have the resteasy-jaxb-provider in your
            classpath, you may trigger the Jettision JAXB marshalling code. To turn off the JAXB json marshaller
            use the @org.jboss.resteasy.annotations.providers.jaxb.IgnoreMediaTypes("application/*+json") on your
            classes.
        </para>
    </sect1>
    <sect1 id="JSONP_Support">
        <title>JSONP Support</title>
        <para>
            If you're using Jackson, RESTEasy has <ulink url="http://en.wikipedia.org/wiki/JSONP">JSONP</ulink> that you can turn on by adding
            the provider <literal>org.jboss.resteasy.plugins.providers.jackson.JacksonJsonpInterceptor</literal> (Jackson2JsonpInterceptor if you're using the Jackson2 provider)
            to your deployments.
            If the media type of the response is json and a callback query parameter is given, the response will be a javascript snippet with
            a method call of the method defined by the callback parameter.
            For example:
<programlisting>
GET /resources/stuff?callback=processStuffResponse
</programlisting>
            will produce this response:
<programlisting>
processStuffResponse(&lt;nomal JSON body&gt;)
</programlisting>
            This supports the default behavior of <ulink url="http://api.jquery.com/jQuery.ajax/">jQuery</ulink>.
            To enable JacksonJsonpInterceptor in WildFly, you need to import annotations from <literal>org.jboss.resteasy.resteasy-jackson-provider</literal> module using jboss-deployment-structure.xml:
<programlisting><![CDATA[
<jboss-deployment-structure>
  <deployment>
    <dependencies>
      <module name="org.jboss.resteasy.resteasy-jackson-provider" annotations="true"/>
    </dependencies>
  </deployment>
</jboss-deployment-structure>
]]></programlisting>
        </para>
        <para>
            You can change the name of the callback parameter by setting the callbackQueryParameter property.
        </para>
        <para>
            JacksonJsonpInterceptor can wrap the response into a try-catch block:
<programlisting>
try{processStuffResponse(&lt;normal JSON body&gt;)}catch(e){}
</programlisting>
            You can enable this feature by setting the resteasy.jsonp.silent property to true
        </para>
        <para>
        <emphasis role="bold">Note.</emphasis> Because JSONP can be used in 
        <emphasis role="bold">Cross Site Scripting Inclusion (XSSI) attacks</emphasis>,
        <methodname>Jackson2JsonpInterceptor</methodname>
        is disabled by default. Two steps are necessary to enable it:
        </para>
        <orderedlist>
           <listitem>As noted above, <methodname>Jackson2JsonpInterceptor</methodname> must be
           included in the deployment. For example,
           a service file META-INF/services/javax.ws.rs.ext.Providers with the line
<programlisting>
org.jboss.resteasy.plugins.providers.jackson.Jackson2JsonpInterceptor
</programlisting>
           may be included on the classpath
           </listitem>
           <listitem>Also, the servlet context parameter parameter "resteasy.jsonp.enable" must be set to "true".
           </listitem>
        </orderedlist>
    </sect1>
    <sect1 id="Jackson_JSON_Decorator">
        <title>Jackson JSON Decorator</title>
        <para>
            If you are using the Jackson 2 provider, RESTEasy has provided a pretty-printing annotation simliar with the one in JAXB provider:
<programlisting>
org.jboss.resteasy.annotations.providers.jackson.Formatted
</programlisting>
            Here is an example:
<programlisting>
@GET
@Produces("application/json")
@Path("/formatted/{id}")
@Formatted
public Product getFormattedProduct()
{
    return new Product(333, "robot");
}
</programlisting>
            As the example shown above, the @Formatted annotation will enable the underlying Jackson option "SerializationFeature.INDENT_OUTPUT".
        </para>
    </sect1>

    <sect1 id="JSON_Filter_Support">
        <title>JSON Filter Support</title>
        <para>
            In Jackson2 , there is new feature <ulink url="http://wiki.fasterxml.com/JacksonFeatureJsonFilter">JsonFilter</ulink> to allow annotate class with @JsonFilter and doing dynamic filtering. 
Here is an example which defines mapping from "nameFilter" to filter instances and filter bean properties when serilize to json format:
<programlisting>
@JsonFilter(value="nameFilter")
public class Jackson2Product {
    protected String name;
    protected int id;
    public Jackson2Product() {
    }
    public Jackson2Product(final int id, final String name) {
        this.id = id;
        this.name = name;
    }
    public String getName() {
        return name;
    }
    public void setName(String name) {
        this.name = name;
    }
    public int getId() {
        return id;
    }
    public void setId(int id) {
        this.id = id;
    }
}
</programlisting>
@JsonFilter annotates resource class to filter out some property not to serialize in the json response. To map the filter id and instance we need to create another jackson class to add the id and filter instance map:
<programlisting>
<![CDATA[
public class ObjectFilterModifier extends ObjectWriterModifier {
	public ObjectFilterModifier() {
	}
	@Override
	public ObjectWriter modify(EndpointConfigBase<?> endpoint,
			MultivaluedMap<String, Object> httpHeaders, Object valueToWrite,
			ObjectWriter w, JsonGenerator jg) throws IOException {

		FilterProvider filterProvider = new SimpleFilterProvider().addFilter(
				"nameFilter",
				SimpleBeanPropertyFilter.filterOutAllExcept("name"));
		return w.with(filterProvider);

	}
}
]]>
</programlisting>
       Here the method <methodname>modify()</methodname> will take care of filtering all properties except "name" property before write. To make this work, we need let RESTEasy know this mapping info. This can be easily set either in a WriterInterceptor:
<programlisting>
<![CDATA[
@Provider
public class JsonFilterWriteInterceptor implements WriterInterceptor{

	private ObjectFilterModifier modifier = new ObjectFilterModifier();
	@Override
	public void aroundWriteTo(WriterInterceptorContext context)
			throws IOException, WebApplicationException {
		//set a threadlocal modifier
	    ObjectWriterInjector.set(modifier);	
		context.proceed();	
	}

}
]]>
</programlisting>
or in a servlet filter:
<programlisting>
<![CDATA[
public class ObjectWriterModifierFilter implements Filter {
	private static ObjectFilterModifier modifier = new ObjectFilterModifier();

	@Override
	public void init(FilterConfig filterConfig) throws ServletException {
	}

	@Override
	public void doFilter(ServletRequest request, ServletResponse response,
			FilterChain chain) throws IOException, ServletException {
		ObjectWriterInjector.set(modifier);
		chain.doFilter(request, response);
	}

	@Override
	public void destroy() {
	}

}
]]>
</programlisting>
RESTEasy get this modfiler from ThreadLocal variable and configure to modify ObjectWriter before write to response.
        </para>
    </sect1>
</chapter>
