<assembly>
    <id>all</id>

    <formats>
        <format>zip</format>
    </formats>
    <includeBaseDirectory>true</includeBaseDirectory>

    <fileSets>
        <fileSet>
            <directory>../</directory>
            <includes>
                <include>License.html</include>
            </includes>
            <outputDirectory></outputDirectory>
        </fileSet>
        <fileSet>
            <directory>../jboss-modules/target</directory>
            <includes>
                <include>*.zip</include>
            </includes>
            <outputDirectory></outputDirectory>
        </fileSet>
        <fileSet>
            <directory>../target/site/apidocs</directory>
            <outputDirectory>docs/javadocs</outputDirectory>
        </fileSet>
        <fileSet>
            <directory>../docbook/target/docbook/publish/en-US</directory>
            <outputDirectory>docs/userguide</outputDirectory>
        </fileSet>
    </fileSets>
    <dependencySets>
        <dependencySet>
            <unpack>false</unpack>
            <useTransitiveFiltering>true</useTransitiveFiltering>
            <includes>
                <include>org.jboss.resteasy:resteasy-jaxrs</include>
                <include>org.jboss.resteasy:resteasy-client</include>
                <include>org.jboss.resteasy:resteasy-servlet-initializer</include>
                <include>org.jboss.resteasy:resteasy-jaxb-provider</include>
                <include>org.jboss.resteasy:resteasy-jettison-provider</include>
                <include>org.jboss.resteasy:resteasy-fastinfoset-provider</include>
                <include>org.jboss.resteasy:resteasy-atom-provider</include>
                <include>org.jboss.resteasy:resteasy-multipart-provider</include>
                <include>org.jboss.resteasy:resteasy-json-p-provider</include>
                <include>org.jboss.resteasy:resteasy-json-binding-provider</include>
                <include>org.jboss.resteasy:resteasy-jackson-provider</include>
                <include>org.jboss.resteasy:resteasy-jackson2-provider</include>
                <include>org.jboss.resteasy:resteasy-spring</include>
                <include>org.jboss.resteasy:resteasy-guice</include>
                <include>org.jboss.resteasy:resteasy-cache-core</include>
                <include>org.jboss.resteasy:resteasy-oauth</include>
                <include>org.jboss.resteasy:resteasy-cdi</include>
                <include>org.jboss.resteasy:resteasy-jsapi</include>
                <include>org.jboss.resteasy:resteasy-legacy</include>
                <include>org.jboss.resteasy:resteasy-links</include>
                <include>org.jboss.resteasy:resteasy-crypto</include>
                <include>org.jboss.resteasy:jose-jwt</include>
                <include>org.jboss.resteasy:skeleton-key-core</include>
                <include>org.jboss.resteasy:resteasy-validator-provider-11</include>
            </includes>
            <excludes>
                <exclude>org.jboss.resteasy:resteasy-undertow</exclude>
                <exclude>org.jboss.resteasy:tjws</exclude>
                <exclude>org.jboss.resteasy:resteasy-jdk-http</exclude>
                <exclude>org.jboss.resteasy:resteasy-netty</exclude>
                <exclude>org.jboss.resteasy:resteasy-netty4</exclude>
                <exclude>org.jboss.resteasy:resteasy-vertx</exclude>
                <exclude>javax.servlet:servlet-api</exclude>
            </excludes>
            <outputDirectory>lib</outputDirectory>
        </dependencySet>
        <dependencySet>
            <unpack>false</unpack>
            <useTransitiveFiltering>true</useTransitiveFiltering>
            <includes>
                <include>org.jboss.resteasy:resteasy-undertow</include>
                <include>org.jboss.resteasy:resteasy-netty</include>
                <include>org.jboss.resteasy:resteasy-netty4</include>
                <include>org.jboss.resteasy:resteasy-vertx</include>
                <include>org.jboss.resteasy:tjws</include>
                <include>org.jboss.resteasy:resteasy-jdk-http</include>
                <include>javax.servlet:servlet-api</include>
            </includes>
            <outputDirectory>embedded-lib</outputDirectory>
        </dependencySet>
    </dependencySets>
</assembly>
