<assembly>
    <id>src</id>

    <formats>
        <format>zip</format>
    </formats>
    <includeBaseDirectory>true</includeBaseDirectory>

    <fileSets>
        <fileSet>
            <directory>../../</directory>
            <outputDirectory></outputDirectory>
            <excludes>
                <exclude>**/.classpath</exclude>
                <exclude>**/.git*/**</exclude>
                <exclude>**/.idea/**</exclude>
                <exclude>**/.project</exclude>
                <exclude>**/.settings/**</exclude>
                <exclude>**/.svn/**</exclude>
                <exclude>**/target/**</exclude>
                <exclude>**/*.iml</exclude>
            </excludes>
        </fileSet>
    </fileSets>
</assembly>
